nombreCliente,dniCliente,email

Paulo,13059659,pmudd2l@xing.com

Sharlene,13833560,scampbelldunlop1c@booking.com

Will,13865149,wdanzelman13@reference.com

Patti,14236239,plevesley1w@wikipedia.org

Giavani,14275633,garklev@unc.edu

Rikki,14372089,rkirby22@webmd.com

Otto,14662325,ofearns20@unblog.fr

Roby,15117341,rughiu@whitehouse.gov

Casey,15125808,cteague3@shop-pro.jp

Faye,15196276,falexandersen4@fastcompany.com

Netti,15856297,nmciver2j@ycombinator.com

Denis,16450138,dlarret1g@hp.com

Arabel,16494718,akisting2n@bing.com

Jarib,17303353,jsiegertsz27@admin.ch

Corrie,17846170,cmacpadenem@admin.ch

Barnaby,18073544,baleveque15@odnoklassniki.ru

Karena,18279307,kwoolley1b@noaa.gov

Jemimah,18349518,jpedron28@soup.io

Lilah,18420434,lpisco2b@google.nl

Marcus,18452878,mblyden2@soundcloud.com

Roley,18629557,rprickett0@usgs.gov

Randa,18676470,rrobillart1j@sciencedirect.com

Halette,19785378,hlindermannk@comcast.net

Shell,20150942,shindshawz@moonfruit.com

Gianni,20288187,gdanne2k@imgur.com

Almire,20452511,avonhagt1x@issuu.com

Frayda,20634425,fjurkiewiczs@foxnews.com

Moll,20775225,mbadland23@theguardian.com

Esta,21015130,elatehouse1a@google.co.uk

Josi,21031208,jwoofenden17@macromedia.com

Mabelle,21318587,mgrunnell1o@eepurl.com

Barbette,21512742,bsaunterg@microsoft.com

Holt,21584933,hguppy10@nih.gov

Suzanne,21646759,stansley2a@apple.com

Aurlie,21740629,abatham24@ebay.co.uk

Emmy,21742974,easbrey21@biblegateway.com

Hubey,22152984,hsutherden2e@ifeng.com

Francine,22169458,fpoulston5@state.tx.us

Delphine,22379022,dbellsham1e@e-recht24.de

Brion,22552481,bbrimilcombe1k@umich.edu

Gussi,23527580,gwaplesc@seesaa.net

Leta,23789572,lloffill1z@bloglovin.com

Geri,23903157,gwhitbreadj@upenn.edu

Laurene,24254170,lhadfield18@csmonitor.com

Dorita,24752093,dbefroy2p@zimbio.com

Dorita,24752093,dbefroy2p@zimbio.com

Bennett,25244081,boloinn1v@reuters.com

Fabe,25377201,fglanester1n@clickbank.net

Alfonso,25383482,atrillow2o@eventbrite.com

Anitra,25459300,agymblett1q@plala.or.jp

Lurlene,25803763,lwimp12@nhs.uk

Brenden,25882180,bcasassa14@imgur.com

Rhonda,26047302,rlohoarl@hibu.com

Dall,26319141,dwranklinge@fda.gov

Jodie,26326248,jgwyera@harvard.edu

Angelle,27039924,amcgreil1i@gizmodo.com

Jordana,27294746,jannello@goo.ne.jp

Rudolph,27321231,rbroader2f@scientificamerican.com

Bone,27707058,bburgett2g@wikipedia.org

Giavani,27754344,ghansford1s@wordpress.org

Loria,27952354,ltraytonh@dedecms.com

Jillayne,28110258,jpoff1d@studiopress.com

Reilly,28413813,rdumphyd@freewebs.com

Flossie,28491160,froblinp@mashable.com

Flossie,28491160,froblinp@mashable.com

Rosemonde,28897915,rseagrovef@unesco.org

Gabi,29399075,ghedgecock11@rambler.ru

Delora,29505116,dnowlandn@cmu.edu

Morissa,29817190,mofairy1f@narod.ru

Gallagher,30269917,glambeth2r@parallels.com

Yancy,30370456,ycampsalli@tuttocitta.it

Julianna,30543445,jblazay@arstechnica.com

Maure,30711859,mhattersleyx@senate.gov

Jenine,30736177,jgruszecki1y@columbia.edu

Chester,30739088,csnelgrove6@mapquest.com

Greggory,30808771,gnibley9@ihg.com

Nicolis,30822227,nroches1@twitpic.com

Theobald,30899174,trozsa2d@state.gov

Brendis,31052921,bfigliovanniq@yolasite.com

Jenda,31065051,jdomokos29@desdev.cn

Emmy,31080129,ebill1h@noaa.gov

Findlay,31111956,ftapenden2h@simplemachines.org

Thaxter,31440363,trivelin1r@businesswire.com

Tana,31577902,tlobe1u@hp.com

Julius,31809006,jluckesw@fc2.com

Dimitri,31816294,ddunstone25@yale.edu

Chrystel,32088175,cgeekin26@naver.com

Nerte,32334534,nkennaway2q@cafepress.com

Nicky,32425811,npover2i@scribd.com

Taddeusz,32606459,tgoresb@t-online.de

Salem,32664447,scrolly16@is.gd

Danice,32719893,dazema8@sogou.com

Bonnie,32894631,bherrero7@xing.com

Madella,33059813,mseivwright19@scientificamerican.com

Connor,33160042,cbartholin2m@fastcompany.com

Ignatius,33264191,ichampley1m@sohu.com

Waite,33425230,waspital1p@utexas.edu

Gabrielle,33461763,gcubbinr@wunderground.com

Eadith,33706394,eciccottio2c@1und1.de

Cayla,33773746,cjoant@issuu.com

Evvie,33796808,eterron1t@uiuc.edu

Kirsteni,33994317,kkeyhoe1l@livejournal.com
